label,name
0,a_0283.jpg
4,e_0074.jpg
4,e_0712.jpg
2,c_0549.jpg
3,d_0060.jpg
3,d_0074.jpg
4,e_0706.jpg
1,b_0549.jpg
4,e_0060.jpg
0,a_0297.jpg
1,b_0561.jpg
4,e_0048.jpg
2,c_0213.jpg
2,c_0575.jpg
1,b_0207.jpg
1,b_0213.jpg
2,c_0561.jpg
3,d_0048.jpg
2,c_0207.jpg
1,b_0575.jpg
0,a_0240.jpg
0,a_0526.jpg
4,e_0909.jpg
0,a_0532.jpg
0,a_0254.jpg
4,e_0935.jpg
4,e_0921.jpg
0,a_0268.jpg
1,b_0039.jpg
4,e_0510.jpg
4,e_0276.jpg
1,b_0987.jpg
0,a_0081.jpg
2,c_0039.jpg
0,a_0095.jpg
4,e_0262.jpg
1,b_0993.jpg
4,e_0504.jpg
1,b_0005.jpg
2,c_0011.jpg
1,b_0763.jpg
1,b_0777.jpg
2,c_0005.jpg
2,c_0763.jpg
0,a_0917.jpg
1,b_0011.jpg
4,e_0538.jpg
0,a_0724.jpg
0,a_0042.jpg
1,b_0944.jpg
1,b_0788.jpg
1,b_0950.jpg
0,a_0056.jpg
0,a_0730.jpg
0,a_0718.jpg
4,e_0289.jpg
1,b_0978.jpg
0,a_0693.jpg
4,e_0464.jpg
4,e_0302.jpg
2,c_0159.jpg
4,e_0316.jpg
4,e_0470.jpg
1,b_0159.jpg
0,a_0687.jpg
4,e_0458.jpg
1,b_0171.jpg
0,a_0877.jpg
2,c_0603.jpg
2,c_0165.jpg
1,b_0617.jpg
1,b_0603.jpg
2,c_0171.jpg
2,c_0617.jpg
1,b_0165.jpg
0,a_0650.jpg
1,b_0830.jpg
1,b_0824.jpg
0,a_0122.jpg
0,a_0644.jpg
1,b_0818.jpg
0,a_0678.jpg
4,e_0100.jpg
1,b_0429.jpg
4,e_0666.jpg
0,a_0491.jpg
3,d_0114.jpg
0,a_0485.jpg
3,d_0100.jpg
2,c_0429.jpg
4,e_0672.jpg
4,e_0114.jpg
1,b_0415.jpg
2,c_0367.jpg
3,d_0128.jpg
2,c_0401.jpg
1,b_0373.jpg
4,e_0882.jpg
1,b_0367.jpg
4,e_0896.jpg
2,c_0415.jpg
2,c_0373.jpg
4,e_0128.jpg
1,b_0401.jpg
2,c_0398.jpg
1,b_0398.jpg
4,e_0869.jpg
0,a_0320.jpg
0,a_0308.jpg
4,e_0699.jpg
4,e_0841.jpg
4,e_0855.jpg
4,e_0854.jpg
0,a_0309.jpg
4,e_0840.jpg
4,e_0698.jpg
4,e_0868.jpg
1,b_0399.jpg
0,a_0321.jpg
2,c_0399.jpg
0,a_0335.jpg
1,b_0158.png
2,c_0414.jpg
4,e_0897.jpg
1,b_0366.jpg
1,b_0400.jpg
4,e_0129.jpg
2,c_0372.jpg
2,c_0366.jpg
1,b_0414.jpg
4,e_0883.jpg
1,b_0372.jpg
2,c_0400.jpg
3,d_0129.jpg
4,e_0673.jpg
2,c_0428.jpg
3,d_0101.jpg
0,a_0484.jpg
4,e_0115.jpg
1,b_0428.jpg
4,e_0101.jpg
3,d_0115.jpg
0,a_0490.jpg
4,e_0667.jpg
1,b_0819.jpg
0,a_0679.jpg
0,a_0123.jpg
1,b_0825.jpg
0,a_0645.jpg
0,a_0651.jpg
1,b_0831.jpg
2,c_0170.jpg
1,b_0602.jpg
1,b_0164.jpg
2,c_0616.jpg
2,c_0602.jpg
0,a_0876.jpg
1,b_0170.jpg
4,e_0459.jpg
1,b_0616.jpg
2,c_0164.jpg
4,e_0317.jpg
0,a_0686.jpg
4,e_0471.jpg
4,e_0465.jpg
0,a_0692.jpg
2,c_0158.jpg
4,e_0303.jpg
0,a_0719.jpg
1,b_0979.jpg
4,e_0288.jpg
0,a_0057.jpg
1,b_0951.jpg
1,b_0789.jpg
0,a_0731.jpg
0,a_0725.jpg
1,b_0945.jpg
2,c_0004.jpg
1,b_0776.jpg
4,e_0539.jpg
1,b_0010.jpg
0,a_0916.jpg
2,c_0762.jpg
1,b_0004.jpg
1,b_0762.jpg
2,c_0010.jpg
1,b_0992.jpg
4,e_0263.jpg
0,a_0094.jpg
2,c_0038.jpg
4,e_0505.jpg
4,e_0511.jpg
1,b_0038.jpg
0,a_0080.jpg
1,b_0986.jpg
4,e_0277.jpg
4,e_0920.jpg
0,a_0269.jpg
4,e_0934.jpg
0,a_0533.jpg
0,a_0255.jpg
0,a_0241.jpg
4,e_0908.jpg
0,a_0527.jpg
3,d_0049.jpg
2,c_0560.jpg
1,b_0212.jpg
1,b_0574.jpg
2,c_0206.jpg
2,c_0212.jpg
4,e_0049.jpg
1,b_0560.jpg
1,b_0206.jpg
2,c_0574.jpg
4,e_0707.jpg
3,d_0075.jpg
0,a_0296.jpg
4,e_0061.jpg
1,b_0548.jpg
4,e_0075.jpg
0,a_0282.jpg
3,d_0061.jpg
2,c_0548.jpg
4,e_0713.jpg
4,e_0063.jpg
0,a_0294.jpg
2,c_0238.jpg
3,d_0077.jpg
4,e_0705.jpg
4,e_0711.jpg
1,b_0238.jpg
3,d_0063.jpg
0,a_0280.jpg
4,e_0077.jpg
2,c_0204.jpg
1,b_0576.jpg
4,e_0739.jpg
1,b_0210.jpg
2,c_0562.jpg
2,c_0576.jpg
1,b_0204.jpg
1,b_0562.jpg
2,c_0210.jpg
0,a_0257.jpg
1,b_0589.jpg
0,a_0531.jpg
0,a_0525.jpg
2,c_0589.jpg
0,a_0243.jpg
3,d_0088.jpg
4,e_0922.jpg
4,e_0936.jpg
0,a_0519.jpg
4,e_0088.jpg
4,e_0507.jpg
0,a_0928.jpg
0,a_0096.jpg
4,e_0261.jpg
1,b_0990.jpg
1,b_0748.jpg
4,e_0275.jpg
1,b_0984.jpg
0,a_0082.jpg
4,e_0513.jpg
2,c_0760.jpg
0,a_0914.jpg
1,b_0012.jpg
1,b_0774.jpg
2,c_0006.jpg
2,c_0012.jpg
4,e_0249.jpg
1,b_0760.jpg
1,b_0006.jpg
0,a_0733.jpg
1,b_0953.jpg
0,a_0055.jpg
0,a_0041.jpg
1,b_0947.jpg
0,a_0727.jpg
0,a_0069.jpg
4,e_0473.jpg
2,c_0628.jpg
4,e_0315.jpg
1,b_0628.jpg
4,e_0301.jpg
0,a_0848.jpg
0,a_0690.jpg
4,e_0467.jpg
0,a_0860.jpg
2,c_0614.jpg
1,b_0166.jpg
1,b_0600.jpg
4,e_0329.jpg
2,c_0172.jpg
2,c_0166.jpg
1,b_0614.jpg
1,b_0172.jpg
0,a_0874.jpg
2,c_0600.jpg
0,a_0647.jpg
1,b_0199.jpg
1,b_0827.jpg
0,a_0121.jpg
2,c_0199.jpg
1,b_0833.jpg
0,a_0653.jpg
0,a_0109.jpg
4,e_0498.jpg
4,e_0117.jpg
3,d_0103.jpg
0,a_0486.jpg
1,b_0358.jpg
4,e_0671.jpg
4,e_0665.jpg
3,d_0117.jpg
0,a_0492.jpg
2,c_0358.jpg
4,e_0103.jpg
2,c_0370.jpg
1,b_0402.jpg
1,b_0364.jpg
4,e_0895.jpg
2,c_0416.jpg
2,c_0402.jpg
1,b_0370.jpg
4,e_0881.jpg
4,e_0659.jpg
1,b_0416.jpg
2,c_0364.jpg
0,a_0337.jpg
0,a_0479.jpg
4,e_0856.jpg
4,e_0842.jpg
4,e_0843.jpg
0,a_1000.jpg
4,e_0857.jpg
0,a_0478.jpg
0,a_0336.jpg
0,a_0322.jpg
0,a_0444.jpg
4,e_0658.jpg
4,e_0880.jpg
1,b_0371.jpg
2,c_0403.jpg
2,c_0365.jpg
1,b_0417.jpg
1,b_0403.jpg
2,c_0371.jpg
2,c_0417.jpg
4,e_0894.jpg
1,b_0365.jpg
0,a_0493.jpg
3,d_0116.jpg
4,e_0664.jpg
4,e_0102.jpg
2,c_0359.jpg
4,e_0116.jpg
4,e_0670.jpg
1,b_0359.jpg
0,a_0487.jpg
3,d_0102.jpg
0,a_0108.jpg
4,e_0499.jpg
1,b_0832.jpg
0,a_0134.jpg
2,c_0198.jpg
0,a_0652.jpg
1,b_0198.jpg
0,a_0646.jpg
0,a_0120.jpg
1,b_0826.jpg
1,b_0615.jpg
2,c_0167.jpg
2,c_0601.jpg
1,b_0173.jpg
1,b_0167.jpg
2,c_0615.jpg
0,a_0861.jpg
2,c_0173.jpg
4,e_0328.jpg
1,b_0601.jpg
4,e_0300.jpg
1,b_0629.jpg
4,e_0466.jpg
0,a_0691.jpg
0,a_0849.jpg
0,a_0685.jpg
2,c_0629.jpg
4,e_0472.jpg
4,e_0314.jpg
0,a_0068.jpg
1,b_0946.jpg
0,a_0040.jpg
0,a_0726.jpg
0,a_0732.jpg
0,a_0054.jpg
1,b_0952.jpg
1,b_0761.jpg
4,e_0248.jpg
2,c_0013.jpg
1,b_0007.jpg
1,b_0013.jpg
0,a_0915.jpg
2,c_0761.jpg
2,c_0007.jpg
1,b_0775.jpg
1,b_0985.jpg
4,e_0274.jpg
4,e_0512.jpg
0,a_0929.jpg
4,e_0506.jpg
1,b_0749.jpg
1,b_0991.jpg
4,e_0260.jpg
0,a_0518.jpg
4,e_0937.jpg
4,e_0089.jpg
4,e_0923.jpg
3,d_0089.jpg
2,c_0588.jpg
0,a_0524.jpg
0,a_0242.jpg
1,b_0588.jpg
0,a_0256.jpg
0,a_0530.jpg
1,b_0205.jpg
2,c_0577.jpg
2,c_0211.jpg
1,b_0563.jpg
1,b_0577.jpg
2,c_0205.jpg
2,c_0563.jpg
1,b_0211.jpg
4,e_0738.jpg
3,d_0062.jpg
1,b_0239.jpg
4,e_0710.jpg
4,e_0076.jpg
0,a_0281.jpg
2,c_0239.jpg
0,a_0295.jpg
4,e_0062.jpg
4,e_0704.jpg
3,d_0076.jpg
1,b_0215.jpg
2,c_0567.jpg
2,c_0201.jpg
1,b_0573.jpg
1,b_0567.jpg
2,c_0215.jpg
2,c_0573.jpg
4,e_0728.jpg
1,b_0201.jpg
3,d_0072.jpg
4,e_0700.jpg
1,b_0229.jpg
4,e_0066.jpg
0,a_0291.jpg
0,a_0285.jpg
2,c_0229.jpg
4,e_0072.jpg
4,e_0714.jpg
3,d_0066.jpg
0,a_0508.jpg
4,e_0927.jpg
4,e_0099.jpg
4,e_0933.jpg
3,d_0099.jpg
0,a_0534.jpg
2,c_0598.jpg
0,a_0252.jpg
1,b_0598.jpg
0,a_0246.jpg
0,a_0520.jpg
4,e_0258.jpg
1,b_0771.jpg
2,c_0003.jpg
0,a_0911.jpg
2,c_0765.jpg
1,b_0017.jpg
1,b_0003.jpg
2,c_0017.jpg
1,b_0765.jpg
0,a_0093.jpg
1,b_0995.jpg
4,e_0264.jpg
4,e_0502.jpg
0,a_0939.jpg
4,e_0516.jpg
1,b_0981.jpg
4,e_0270.jpg
1,b_0759.jpg
0,a_0078.jpg
1,b_0956.jpg
0,a_0050.jpg
0,a_0736.jpg
0,a_0722.jpg
0,a_0044.jpg
1,b_0942.jpg
1,b_0605.jpg
2,c_0177.jpg
2,c_0611.jpg
0,a_0865.jpg
1,b_0163.jpg
1,b_0177.jpg
2,c_0605.jpg
0,a_0871.jpg
2,c_0163.jpg
1,b_0611.jpg
4,e_0338.jpg
1,b_0639.jpg
4,e_0310.jpg
4,e_0476.jpg
0,a_0859.jpg
0,a_0681.jpg
2,c_0639.jpg
0,a_0695.jpg
4,e_0462.jpg
4,e_0304.jpg
4,e_0489.jpg
1,b_0822.jpg
2,c_0188.jpg
0,a_0124.jpg
0,a_0642.jpg
1,b_0188.jpg
0,a_0656.jpg
0,a_0130.jpg
1,b_0836.jpg
4,e_0890.jpg
1,b_0361.jpg
4,e_0648.jpg
2,c_0413.jpg
2,c_0375.jpg
2,.DS_Store
1,b_0407.jpg
1,b_0413.jpg
2,c_0361.jpg
2,c_0407.jpg
4,e_0884.jpg
1,b_0375.jpg
3,d_0106.jpg
0,a_0483.jpg
4,e_0674.jpg
4,e_0112.jpg
2,c_0349.jpg
4,e_0106.jpg
1,b_0349.jpg
4,e_0660.jpg
3,d_0112.jpg
0,a_0497.jpg
4,e_0853.jpg
4,e_0847.jpg
0,a_0440.jpg
0,a_0441.jpg
0,a_0469.jpg
4,e_0846.jpg
4,e_0852.jpg
4,e_0107.jpg
0,a_0496.jpg
3,d_0113.jpg
4,e_0661.jpg
1,b_0348.jpg
4,e_0675.jpg
0,a_0482.jpg
3,d_0107.jpg
2,c_0348.jpg
4,e_0113.jpg
2,c_0360.jpg
1,b_0412.jpg
1,b_0374.jpg
4,e_0885.jpg
2,c_0406.jpg
2,c_0412.jpg
4,e_0649.jpg
1,b_0360.jpg
4,e_0891.jpg
1,b_0406.jpg
2,c_0374.jpg
0,a_0657.jpg
1,b_0189.jpg
1,b_0837.jpg
0,a_0131.jpg
0,a_0125.jpg
2,c_0189.jpg
1,b_0823.jpg
0,a_0643.jpg
0,a_0119.jpg
4,e_0488.jpg
4,e_0463.jpg
0,a_0694.jpg
2,c_0638.jpg
4,e_0305.jpg
4,e_0311.jpg
1,b_0638.jpg
0,a_0680.jpg
0,a_0858.jpg
4,e_0477.jpg
2,c_0604.jpg
1,b_0176.jpg
4,e_0339.jpg
1,b_0610.jpg
2,c_0162.jpg
2,c_0176.jpg
1,b_0604.jpg
1,b_0162.jpg
2,c_0610.jpg
0,a_0723.jpg
1,b_0943.jpg
0,a_0045.jpg
0,a_0051.jpg
1,b_0957.jpg
0,a_0737.jpg
0,a_0079.jpg
4,e_0517.jpg
0,a_0938.jpg
1,b_0758.jpg
4,e_0271.jpg
1,b_0980.jpg
4,e_0265.jpg
1,b_0994.jpg
0,a_0092.jpg
4,e_0503.jpg
2,c_0770.jpg
1,b_0002.jpg
1,b_0764.jpg
2,c_0016.jpg
2,c_0002.jpg
1,b_0770.jpg
4,e_0259.jpg
1,b_0016.jpg
2,c_0764.jpg
0,a_0910.jpg
0,a_0247.jpg
1,b_0599.jpg
0,a_0521.jpg
2,c_0599.jpg
0,a_0535.jpg
0,a_0253.jpg
3,d_0098.jpg
4,e_0932.jpg
4,e_0926.jpg
0,a_0509.jpg
4,e_0098.jpg
4,e_0073.jpg
2,c_0228.jpg
0,a_0284.jpg
3,d_0067.jpg
4,e_0715.jpg
1,b_0228.jpg
4,e_0701.jpg
3,d_0073.jpg
0,a_0290.jpg
4,e_0067.jpg
2,c_0214.jpg
1,b_0566.jpg
1,b_0200.jpg
4,e_0729.jpg
2,c_0572.jpg
2,c_0566.jpg
1,b_0214.jpg
1,b_0572.jpg
2,c_0200.jpg
2,c_0570.jpg
3,d_0059.jpg
1,b_0202.jpg
1,b_0564.jpg
2,c_0216.jpg
2,c_0202.jpg
1,b_0570.jpg
4,e_0059.jpg
1,b_0216.jpg
2,c_0564.jpg
4,e_0717.jpg
3,d_0065.jpg
0,a_0286.jpg
1,b_0558.jpg
4,e_0071.jpg
4,e_0065.jpg
0,a_0292.jpg
2,c_0558.jpg
3,d_0071.jpg
4,e_0703.jpg
4,e_0930.jpg
0,a_0279.jpg
4,e_0924.jpg
0,a_0523.jpg
0,a_0245.jpg
0,a_0251.jpg
4,e_0918.jpg
0,a_0537.jpg
2,c_0014.jpg
1,b_0766.jpg
1,b_0000.jpg
4,e_0529.jpg
0,a_0912.jpg
2,c_0766.jpg
1,b_0014.jpg
1,b_0772.jpg
2,c_0000.jpg
1,b_0982.jpg
4,e_0273.jpg
2,c_0028.jpg
4,e_0515.jpg
1,b_0028.jpg
4,e_0501.jpg
0,a_0090.jpg
1,b_0996.jpg
4,e_0267.jpg
0,a_0709.jpg
1,b_0969.jpg
4,e_0298.jpg
0,a_0047.jpg
1,b_0799.jpg
1,b_0941.jpg
0,a_0721.jpg
0,a_0735.jpg
1,b_0955.jpg
0,a_0053.jpg
2,c_0160.jpg
1,b_0612.jpg
1,b_0174.jpg
2,c_0606.jpg
0,a_0872.jpg
2,c_0612.jpg
0,a_0866.jpg
4,e_0449.jpg
1,b_0160.jpg
1,b_0606.jpg
2,c_0174.jpg
4,e_0307.jpg
0,a_0696.jpg
4,e_0461.jpg
1,b_0148.jpg
4,e_0475.jpg
0,a_0682.jpg
2,c_0148.jpg
4,e_0313.jpg
1,b_0809.jpg
0,a_0669.jpg
0,a_0133.jpg
1,b_0835.jpg
0,a_0655.jpg
0,a_0641.jpg
0,a_0899.jpg
1,b_0821.jpg
2,c_0404.jpg
4,e_0887.jpg
1,b_0376.jpg
4,e_0139.jpg
1,b_0410.jpg
2,c_0362.jpg
2,c_0376.jpg
1,b_0404.jpg
4,e_0893.jpg
1,b_0362.jpg
3,d_0139.jpg
2,c_0410.jpg
4,e_0663.jpg
0,a_0494.jpg
3,d_0111.jpg
2,c_0438.jpg
4,e_0105.jpg
4,e_0111.jpg
1,b_0438.jpg
0,a_0480.jpg
3,d_0105.jpg
4,e_0677.jpg
4,e_0844.jpg
0,a_0319.jpg
4,e_0688.jpg
4,e_0850.jpg
4,e_0878.jpg
1,b_0389.jpg
2,c_0389.jpg
0,a_0443.jpg
2,c_0388.jpg
0,a_0324.jpg
0,a_0442.jpg
1,b_0388.jpg
4,e_0879.jpg
0,a_0318.jpg
4,e_0851.jpg
4,e_0689.jpg
4,e_0845.jpg
1,b_0439.jpg
4,e_0110.jpg
4,e_0676.jpg
3,d_0104.jpg
0,a_0481.jpg
2,c_0439.jpg
3,d_0110.jpg
0,a_0495.jpg
4,e_0662.jpg
4,e_0104.jpg
1,b_0405.jpg
2,c_0377.jpg
2,c_0411.jpg
3,d_0138.jpg
1,b_0363.jpg
4,e_0892.jpg
1,b_0377.jpg
4,e_0886.jpg
2,c_0405.jpg
2,c_0363.jpg
1,b_0411.jpg
4,e_0138.jpg
0,a_0898.jpg
0,a_0640.jpg
0,a_0126.jpg
1,b_0820.jpg
1,b_0834.jpg
0,a_0132.jpg
0,a_0654.jpg
1,b_0808.jpg
0,a_0668.jpg
0,a_0683.jpg
4,e_0474.jpg
4,e_0312.jpg
2,c_0149.jpg
4,e_0306.jpg
1,b_0149.jpg
4,e_0460.jpg
0,a_0697.jpg
1,b_0161.jpg
4,e_0448.jpg
0,a_0867.jpg
2,c_0613.jpg
2,c_0175.jpg
1,b_0607.jpg
1,b_0613.jpg
2,c_0161.jpg
0,a_0873.jpg
2,c_0607.jpg
1,b_0175.jpg
0,a_0734.jpg
0,a_0052.jpg
1,b_0954.jpg
1,b_0940.jpg
1,b_0798.jpg
0,a_0046.jpg
0,a_0720.jpg
0,a_0708.jpg
4,e_0299.jpg
1,b_0968.jpg
4,e_0500.jpg
1,b_0029.jpg
4,e_0266.jpg
1,b_0997.jpg
0,a_0091.jpg
0,a_0085.jpg
2,c_0029.jpg
4,e_0272.jpg
1,b_0983.jpg
4,e_0514.jpg
1,b_0015.jpg
2,c_0767.jpg
0,a_0913.jpg
2,c_0001.jpg
1,b_0773.jpg
1,b_0767.jpg
2,c_0015.jpg
4,e_0528.jpg
1,b_0001.jpg
0,a_0250.jpg
0,a_0536.jpg
4,e_0919.jpg
0,a_0522.jpg
0,a_0244.jpg
4,e_0925.jpg
4,e_0931.jpg
0,a_0278.jpg
0,a_0293.jpg
4,e_0064.jpg
4,e_0702.jpg
3,d_0070.jpg
2,c_0559.jpg
3,d_0064.jpg
4,e_0716.jpg
4,e_0070.jpg
1,b_0559.jpg
0,a_0287.jpg
4,e_0058.jpg
1,b_0571.jpg
2,c_0203.jpg
2,c_0565.jpg
1,b_0217.jpg
1,b_0203.jpg
3,d_0058.jpg
2,c_0571.jpg
2,c_0217.jpg
1,b_0565.jpg
3,d_0003.jpg
0,a_0586.jpg
4,e_0771.jpg
1,b_0258.jpg
4,e_0017.jpg
2,c_0258.jpg
4,e_0003.jpg
4,e_0765.jpg
3,d_0017.jpg
0,a_0592.jpg
4,e_0995.jpg
1,b_0264.jpg
2,c_0516.jpg
2,c_0270.jpg
1,b_0502.jpg
1,b_0516.jpg
2,c_0264.jpg
2,c_0502.jpg
4,e_0759.jpg
4,e_0981.jpg
1,b_0270.jpg
0,a_0223.jpg
0,a_0237.jpg
0,a_0579.jpg
4,e_0956.jpg
4,e_0942.jpg
4,e_0215.jpg
4,e_0573.jpg
2,c_0728.jpg
0,a_0790.jpg
0,a_0948.jpg
4,e_0567.jpg
4,e_0201.jpg
1,b_0728.jpg
4,e_0229.jpg
1,b_0700.jpg
2,c_0072.jpg
2,c_0714.jpg
0,a_0960.jpg
1,b_0066.jpg
1,b_0072.jpg
2,c_0700.jpg
0,a_0974.jpg
2,c_0066.jpg
1,b_0714.jpg
1,b_0927.jpg
0,a_0021.jpg
0,a_0747.jpg
1,b_0099.jpg
0,a_0753.jpg
0,a_0035.jpg
2,c_0099.jpg
1,b_0933.jpg
4,e_0598.jpg
0,a_0009.jpg
0,a_0196.jpg
1,b_0648.jpg
1,b_0890.jpg
4,e_0361.jpg
4,e_0407.jpg
0,a_0828.jpg
2,c_0648.jpg
4,e_0413.jpg
1,b_0884.jpg
4,e_0375.jpg
0,a_0182.jpg
1,b_0674.jpg
2,c_0106.jpg
0,a_0814.jpg
2,c_0660.jpg
1,b_0112.jpg
1,b_0106.jpg
0,a_0800.jpg
2,c_0112.jpg
1,b_0660.jpg
4,e_0349.jpg
1,b_0853.jpg
0,a_0633.jpg
0,a_0627.jpg
1,b_0847.jpg
3,d_0177.jpg
4,e_0605.jpg
4,e_0163.jpg
2,c_0338.jpg
0,a_0394.jpg
0,a_0380.jpg
4,e_0177.jpg
1,b_0338.jpg
4,e_0611.jpg
3,d_0163.jpg
1,b_0310.jpg
4,e_0639.jpg
2,c_0462.jpg
2,c_0304.jpg
1,b_0476.jpg
1,b_0462.jpg
2,c_0310.jpg
2,c_0476.jpg
1,b_0304.jpg
0,a_0431.jpg
0,a_0357.jpg
1,b_0489.jpg
0,a_0343.jpg
2,c_0489.jpg
0,a_0425.jpg
3,d_0188.jpg
4,e_0822.jpg
4,e_0188.jpg
4,e_0836.jpg
0,a_0419.jpg
4,e_0189.jpg
0,a_0418.jpg
4,e_0837.jpg
4,e_0823.jpg
3,d_0189.jpg
0,a_0342.jpg
0,a_0424.jpg
2,c_0488.jpg
0,a_0430.jpg
1,b_0488.jpg
0,a_0356.jpg
2,c_0311.jpg
1,b_0463.jpg
1,b_0305.jpg
2,c_0477.jpg
2,c_0463.jpg
4,e_0638.jpg
1,b_0311.jpg
1,b_0477.jpg
2,c_0305.jpg
4,e_0176.jpg
0,a_0381.jpg
3,d_0162.jpg
4,e_0610.jpg
1,b_0339.jpg
4,e_0604.jpg
3,d_0176.jpg
0,a_0395.jpg
2,c_0339.jpg
4,e_0162.jpg
0,a_0626.jpg
1,b_0846.jpg
1,b_0852.jpg
0,a_0632.jpg
0,a_0801.jpg
1,b_0107.jpg
4,e_0348.jpg
1,b_0661.jpg
2,c_0113.jpg
2,c_0107.jpg
1,b_0675.jpg
1,b_0113.jpg
2,c_0661.jpg
0,a_0815.jpg
4,e_0412.jpg
2,c_0649.jpg
0,a_0183.jpg
4,e_0374.jpg
1,b_0885.jpg
4,e_0360.jpg
1,b_0891.jpg
1,b_0649.jpg
0,a_0197.jpg
0,a_0829.jpg
4,e_0406.jpg
4,e_0599.jpg
0,a_0008.jpg
0,a_0752.jpg
1,b_0932.jpg
2,c_0098.jpg
0,a_0034.jpg
0,a_0020.jpg
1,b_0926.jpg
1,b_0098.jpg
0,a_0746.jpg
0,a_0975.jpg
2,c_0701.jpg
1,b_0073.jpg
1,b_0715.jpg
2,c_0067.jpg
2,c_0073.jpg
1,b_0701.jpg
4,e_0228.jpg
1,b_0067.jpg
0,a_0961.jpg
2,c_0715.jpg
4,e_0566.jpg
0,a_0949.jpg
0,a_0791.jpg
1,b_0729.jpg
4,e_0200.jpg
4,e_0214.jpg
4,e_0572.jpg
4,e_0943.jpg
4,e_0957.jpg
0,a_0578.jpg
0,a_0236.jpg
0,a_0222.jpg
2,c_0265.jpg
1,b_0517.jpg
1,b_0271.jpg
4,e_0980.jpg
4,e_0758.jpg
2,c_0503.jpg
2,c_0517.jpg
1,b_0265.jpg
4,e_0994.jpg
1,b_0503.jpg
2,c_0271.jpg
4,e_0002.jpg
2,c_0259.jpg
0,a_0593.jpg
3,d_0016.jpg
4,e_0764.jpg
1,b_0259.jpg
4,e_0770.jpg
0,a_0587.jpg
3,d_0002.jpg
4,e_0016.jpg
4,e_0766.jpg
0,a_0591.jpg
3,d_0014.jpg
1,b_0529.jpg
4,e_0000.jpg
4,e_0014.jpg
2,c_0529.jpg
0,a_0585.jpg
3,d_0000.jpg
4,e_0772.jpg
2,c_0501.jpg
3,d_0028.jpg
4,e_0982.jpg
1,b_0273.jpg
1,b_0515.jpg
2,c_0267.jpg
2,c_0273.jpg
1,b_0501.jpg
4,e_0028.jpg
4,e_0996.jpg
1,b_0267.jpg
2,c_0515.jpg
2,c_0298.jpg
0,a_0220.jpg
4,e_0969.jpg
1,b_0298.jpg
4,e_0941.jpg
4,e_0799.jpg
0,a_0208.jpg
4,e_0955.jpg
4,e_0202.jpg
2,c_0059.jpg
0,a_0793.jpg
4,e_0564.jpg
1,b_0059.jpg
4,e_0570.jpg
4,e_0216.jpg
2,c_0065.jpg
1,b_0717.jpg
1,b_0071.jpg
4,e_0558.jpg
2,c_0703.jpg
2,c_0717.jpg
0,a_0963.jpg
1,b_0065.jpg
1,b_0703.jpg
2,c_0071.jpg
0,a_0036.jpg
1,b_0930.jpg
0,a_0750.jpg
0,a_0744.jpg
1,b_0924.jpg
0,a_0022.jpg
0,a_0778.jpg
1,b_0918.jpg
1,b_0887.jpg
4,e_0376.jpg
0,a_0181.jpg
4,e_0410.jpg
1,b_0139.jpg
4,e_0404.jpg
0,a_0195.jpg
2,c_0139.jpg
1,b_0893.jpg
4,e_0362.jpg
2,c_0111.jpg
1,b_0663.jpg
1,b_0105.jpg
0,a_0803.jpg
0,a_0817.jpg
2,c_0663.jpg
4,e_0438.jpg
1,b_0111.jpg
1,b_0677.jpg
2,c_0105.jpg
1,b_0844.jpg
0,a_0624.jpg
0,a_0630.jpg
1,b_0850.jpg
1,b_0688.jpg
1,b_0878.jpg
4,e_0389.jpg
0,a_0618.jpg
4,e_0612.jpg
3,d_0160.jpg
2,c_0449.jpg
0,a_0383.jpg
4,e_0174.jpg
4,e_0160.jpg
1,b_0449.jpg
0,a_0397.jpg
3,d_0174.jpg
4,e_0606.jpg
2,c_0475.jpg
1,b_0307.jpg
4,e_0148.jpg
1,b_0461.jpg
2,c_0313.jpg
2,c_0307.jpg
1,b_0475.jpg
1,b_0313.jpg
3,d_0148.jpg
2,c_0461.jpg
0,a_0426.jpg
4,e_0809.jpg
0,a_0340.jpg
0,a_0354.jpg
0,a_0432.jpg
4,e_0835.jpg
4,e_0821.jpg
4,e_0820.jpg
4,e_0834.jpg
0,a_0355.jpg
0,a_0433.jpg
4,e_0808.jpg
0,a_0427.jpg
0,a_0341.jpg
1,b_0474.jpg
2,c_0306.jpg
2,c_0460.jpg
3,d_0149.jpg
1,b_0312.jpg
1,b_0306.jpg
2,c_0474.jpg
2,c_0312.jpg
1,b_0460.jpg
4,e_0149.jpg
0,a_0396.jpg
1,b_0448.jpg
4,e_0161.jpg
4,e_0607.jpg
3,d_0175.jpg
2,c_0448.jpg
3,d_0161.jpg
4,e_0613.jpg
4,e_0175.jpg
0,a_0382.jpg
4,e_0388.jpg
1,b_0879.jpg
0,a_0619.jpg
0,a_0631.jpg
1,b_0689.jpg
1,b_0851.jpg
1,b_0845.jpg
0,a_0625.jpg
1,b_0110.jpg
4,e_0439.jpg
2,c_0662.jpg
0,a_0816.jpg
2,c_0104.jpg
1,b_0676.jpg
1,b_0662.jpg
2,c_0110.jpg
0,a_0802.jpg
1,b_0104.jpg
4,e_0405.jpg
4,e_0363.jpg
2,c_0138.jpg
0,a_0194.jpg
0,a_0180.jpg
4,e_0377.jpg
1,b_0886.jpg
1,b_0138.jpg
4,e_0411.jpg
0,a_0779.jpg
1,b_0919.jpg
0,a_0745.jpg
0,a_0023.jpg
1,b_0925.jpg
1,b_0931.jpg
0,a_0037.jpg
0,a_0751.jpg
1,b_0064.jpg
0,a_0962.jpg
2,c_0716.jpg
2,c_0070.jpg
1,b_0702.jpg
1,b_0716.jpg
2,c_0064.jpg
2,c_0702.jpg
4,e_0559.jpg
1,b_0070.jpg
4,e_0571.jpg
1,b_0058.jpg
4,e_0217.jpg
2,c_0058.jpg
4,e_0203.jpg
4,e_0565.jpg
0,a_0792.jpg
4,e_0954.jpg
4,e_0798.jpg
4,e_0940.jpg
0,a_0209.jpg
0,a_0221.jpg
1,b_0299.jpg
4,e_0968.jpg
0,a_0235.jpg
2,c_0299.jpg
4,e_0029.jpg
1,b_0500.jpg
2,c_0272.jpg
2,c_0514.jpg
1,b_0266.jpg
4,e_0997.jpg
1,b_0272.jpg
4,e_0983.jpg
3,d_0029.jpg
2,c_0500.jpg
2,c_0266.jpg
1,b_0514.jpg
4,e_0015.jpg
4,e_0773.jpg
3,d_0001.jpg
0,a_0584.jpg
2,c_0528.jpg
3,d_0015.jpg
0,a_0590.jpg
4,e_0767.jpg
4,e_0001.jpg
1,b_0528.jpg
1,b_0510.jpg
4,e_0039.jpg
2,c_0262.jpg
2,c_0504.jpg
1,b_0276.jpg
4,e_0987.jpg
1,b_0262.jpg
4,e_0993.jpg
2,c_0510.jpg
3,d_0039.jpg
2,c_0276.jpg
1,b_0504.jpg
4,e_0005.jpg
4,e_0763.jpg
2,c_0538.jpg
0,a_0594.jpg
3,d_0011.jpg
0,a_0580.jpg
3,d_0005.jpg
4,e_0777.jpg
1,b_0538.jpg
4,e_0011.jpg
4,e_0944.jpg
4,e_0950.jpg
4,e_0788.jpg
0,a_0557.jpg
1,b_0289.jpg
4,e_0978.jpg
2,c_0289.jpg
0,a_0225.jpg
1,b_0074.jpg
0,a_0972.jpg
2,c_0706.jpg
2,c_0060.jpg
1,b_0712.jpg
1,b_0706.jpg
2,c_0074.jpg
0,a_0966.jpg
2,c_0712.jpg
1,b_0060.jpg
4,e_0549.jpg
0,a_0796.jpg
1,b_0048.jpg
4,e_0561.jpg
4,e_0207.jpg
2,c_0048.jpg
4,e_0213.jpg
4,e_0575.jpg
0,a_0769.jpg
1,b_0909.jpg
0,a_0755.jpg
0,a_0033.jpg
1,b_0935.jpg
1,b_0921.jpg
0,a_0027.jpg
0,a_0999.jpg
0,a_0741.jpg
4,e_0429.jpg
1,b_0100.jpg
0,a_0806.jpg
2,c_0114.jpg
1,b_0666.jpg
1,b_0672.jpg
2,c_0100.jpg
2,c_0666.jpg
0,a_0812.jpg
1,b_0114.jpg
4,e_0415.jpg
4,e_0373.jpg
1,b_0882.jpg
0,a_0184.jpg
2,c_0128.jpg
0,a_0190.jpg
4,e_0367.jpg
1,b_0896.jpg
4,e_0401.jpg
1,b_0128.jpg
4,e_0398.jpg
1,b_0869.jpg
0,a_0609.jpg
0,a_0621.jpg
1,b_0841.jpg
1,b_0699.jpg
1,b_0855.jpg
0,a_0635.jpg
1,b_0464.jpg
2,c_0316.jpg
3,d_0159.jpg
2,c_0470.jpg
1,b_0302.jpg
1,b_0316.jpg
2,c_0464.jpg
2,c_0302.jpg
4,e_0159.jpg
1,b_0470.jpg
0,a_0386.jpg
4,e_0171.jpg
1,b_0458.jpg
4,e_0617.jpg
3,d_0165.jpg
3,d_0171.jpg
2,c_0458.jpg
4,e_0603.jpg
4,e_0165.jpg
0,a_0392.jpg
0,a_0379.jpg
4,e_0830.jpg
4,e_0824.jpg
0,a_0345.jpg
0,a_0423.jpg
4,e_0818.jpg
0,a_0437.jpg
0,a_0351.jpg
0,a_0436.jpg
4,e_0819.jpg
0,a_0350.jpg
0,a_0344.jpg
0,a_0422.jpg
4,e_0825.jpg
0,a_0378.jpg
4,e_0831.jpg
4,e_0602.jpg
2,c_0459.jpg
3,d_0170.jpg
0,a_0393.jpg
4,e_0164.jpg
1,b_0459.jpg
4,e_0170.jpg
0,a_0387.jpg
3,d_0164.jpg
4,e_0616.jpg
2,c_0465.jpg
1,b_0317.jpg
1,b_0471.jpg
4,e_0158.jpg
2,c_0303.jpg
2,c_0317.jpg
1,b_0465.jpg
1,b_0303.jpg
2,c_0471.jpg
3,d_0158.jpg
1,b_0854.jpg
0,a_0634.jpg
0,a_0620.jpg
1,b_0698.jpg
1,b_0840.jpg
1,b_0868.jpg
4,e_0399.jpg
0,a_0608.jpg
1,b_0897.jpg
4,e_0366.jpg
0,a_0191.jpg
1,b_0129.jpg
4,e_0400.jpg
4,e_0414.jpg
2,c_0129.jpg
0,a_0185.jpg
1,b_0883.jpg
4,e_0372.jpg
2,c_0101.jpg
1,b_0673.jpg
1,b_0115.jpg
0,a_0813.jpg
2,c_0667.jpg
0,a_0807.jpg
1,b_0101.jpg
4,e_0428.jpg
1,b_0667.jpg
2,c_0115.jpg
0,a_0026.jpg
1,b_0920.jpg
0,a_0740.jpg
0,a_0998.jpg
0,a_0754.jpg
1,b_0934.jpg
0,a_0032.jpg
0,a_0768.jpg
1,b_0908.jpg
4,e_0212.jpg
2,c_0049.jpg
4,e_0574.jpg
4,e_0560.jpg
1,b_0049.jpg
0,a_0797.jpg
4,e_0206.jpg
2,c_0075.jpg
1,b_0707.jpg
4,e_0548.jpg
1,b_0061.jpg
2,c_0713.jpg
0,a_0967.jpg
2,c_0707.jpg
0,a_0973.jpg
1,b_0075.jpg
1,b_0713.jpg
2,c_0061.jpg
2,c_0288.jpg
4,e_0979.jpg
1,b_0288.jpg
0,a_0556.jpg
4,e_0789.jpg
4,e_0951.jpg
0,a_0218.jpg
4,e_0945.jpg
4,e_0776.jpg
3,d_0004.jpg
0,a_0581.jpg
4,e_0010.jpg
1,b_0539.jpg
4,e_0004.jpg
3,d_0010.jpg
0,a_0595.jpg
2,c_0539.jpg
4,e_0762.jpg
3,d_0038.jpg
2,c_0511.jpg
4,e_0992.jpg
1,b_0263.jpg
1,b_0505.jpg
2,c_0277.jpg
2,c_0263.jpg
4,e_0038.jpg
1,b_0511.jpg
4,e_0986.jpg
1,b_0277.jpg
2,c_0505.jpg
2,c_0275.jpg
1,b_0507.jpg
4,e_0748.jpg
1,b_0261.jpg
4,e_0990.jpg
2,c_0513.jpg
2,c_0507.jpg
1,b_0275.jpg
4,e_0984.jpg
1,b_0513.jpg
2,c_0261.jpg
4,e_0012.jpg
2,c_0249.jpg
3,d_0006.jpg
0,a_0583.jpg
4,e_0774.jpg
4,e_0760.jpg
1,b_0249.jpg
3,d_0012.jpg
0,a_0597.jpg
4,e_0006.jpg
4,e_0953.jpg
4,e_0947.jpg
0,a_0568.jpg
0,a_0965.jpg
2,c_0711.jpg
1,b_0063.jpg
1,b_0705.jpg
2,c_0077.jpg
2,c_0063.jpg
4,e_0238.jpg
1,b_0711.jpg
1,b_0077.jpg
0,a_0971.jpg
2,c_0705.jpg
4,e_0576.jpg
0,a_0959.jpg
4,e_0210.jpg
1,b_0739.jpg
4,e_0204.jpg
0,a_0795.jpg
4,e_0562.jpg
4,e_0589.jpg
0,a_0018.jpg
0,a_0742.jpg
1,b_0922.jpg
2,c_0088.jpg
0,a_0030.jpg
1,b_0936.jpg
1,b_0088.jpg
0,a_0756.jpg
2,c_0665.jpg
0,a_0811.jpg
1,b_0117.jpg
1,b_0671.jpg
4,e_0358.jpg
2,c_0103.jpg
2,c_0117.jpg
1,b_0665.jpg
1,b_0103.jpg
0,a_0805.jpg
4,e_0402.jpg
2,c_0659.jpg
0,a_0193.jpg
4,e_0364.jpg
1,b_0895.jpg
1,b_0659.jpg
4,e_0370.jpg
1,b_0881.jpg
0,a_0187.jpg
0,a_0839.jpg
4,e_0416.jpg
0,a_0178.jpg
0,a_0636.jpg
1,b_0856.jpg
1,test.py
1,b_0842.jpg
0,a_0622.jpg
2,c_0301.jpg
1,b_0473.jpg
1,b_0315.jpg
2,c_0467.jpg
2,c_0473.jpg
1,b_0301.jpg
4,e_0628.jpg
1,b_0467.jpg
2,c_0315.jpg
4,e_0166.jpg
0,a_0391.jpg
3,d_0172.jpg
1,b_0329.jpg
4,e_0600.jpg
4,e_0614.jpg
3,d_0166.jpg
2,c_0329.jpg
0,a_0385.jpg
4,e_0172.jpg
4,e_0199.jpg
0,a_0408.jpg
4,e_0827.jpg
4,e_0833.jpg
0,a_0352.jpg
2,c_0498.jpg
0,a_0434.jpg
0,a_0420.jpg
1,b_0498.jpg
0,a_0346.jpg
0,a_0421.jpg
0,a_0347.jpg
1,b_0499.jpg
0,a_0353.jpg
0,a_0435.jpg
2,c_0499.jpg
4,e_0832.jpg
4,e_0198.jpg
4,e_0826.jpg
0,a_0409.jpg
3,d_0167.jpg
4,e_0615.jpg
4,e_0173.jpg
0,a_0384.jpg
2,c_0328.jpg
0,a_0390.jpg
4,e_0167.jpg
4,e_0601.jpg
1,b_0328.jpg
3,d_0173.jpg
4,e_0629.jpg
1,b_0300.jpg
2,c_0472.jpg
2,c_0314.jpg
1,b_0466.jpg
1,b_0472.jpg
2,c_0300.jpg
2,c_0466.jpg
1,b_0314.jpg
1,b_0843.jpg
0,a_0623.jpg
0,a_0637.jpg
1,b_0857.jpg
0,a_0179.jpg
0,a_0186.jpg
1,b_0880.jpg
4,e_0371.jpg
1,b_0658.jpg
4,e_0417.jpg
0,a_0838.jpg
2,c_0658.jpg
4,e_0403.jpg
1,b_0894.jpg
4,e_0365.jpg
0,a_0192.jpg
1,b_0664.jpg
2,c_0116.jpg
0,a_0804.jpg
2,c_0670.jpg
1,b_0102.jpg
1,b_0116.jpg
0,a_0810.jpg
2,c_0664.jpg
2,c_0102.jpg
4,e_0359.jpg
1,b_0670.jpg
1,b_0937.jpg
0,a_0031.jpg
0,a_0757.jpg
1,b_0089.jpg
0,a_0743.jpg
2,c_0089.jpg
0,a_0025.jpg
1,b_0923.jpg
4,e_0588.jpg
0,a_0019.jpg
4,e_0205.jpg
4,e_0563.jpg
0,a_0794.jpg
0,a_0958.jpg
4,e_0577.jpg
1,b_0738.jpg
4,e_0211.jpg
1,b_0710.jpg
4,e_0239.jpg
2,c_0062.jpg
2,c_0704.jpg
0,a_0970.jpg
1,b_0076.jpg
1,b_0062.jpg
2,c_0710.jpg
0,a_0964.jpg
2,c_0076.jpg
1,b_0704.jpg
0,a_0555.jpg
0,a_0569.jpg
4,e_0946.jpg
4,e_0952.jpg
0,a_0596.jpg
3,d_0013.jpg
1,b_0248.jpg
4,e_0761.jpg
4,e_0007.jpg
2,c_0248.jpg
4,e_0013.jpg
4,e_0775.jpg
0,a_0582.jpg
3,d_0007.jpg
4,e_0985.jpg
1,b_0274.jpg
2,c_0506.jpg
2,c_0260.jpg
1,b_0512.jpg
1,b_0506.jpg
2,c_0274.jpg
2,c_0512.jpg
4,e_0991.jpg
1,b_0260.jpg
4,e_0749.jpg
4,e_0750.jpg
4,e_0988.jpg
1,b_0279.jpg
3,d_0022.jpg
4,e_0036.jpg
4,e_0022.jpg
2,c_0279.jpg
3,d_0036.jpg
4,e_0744.jpg
2,c_0537.jpg
1,b_0245.jpg
1,b_0523.jpg
2,c_0251.jpg
2,c_0245.jpg
1,b_0537.jpg
4,e_0778.jpg
1,b_0251.jpg
2,c_0523.jpg
0,a_0564.jpg
4,e_0793.jpg
0,a_0216.jpg
4,e_0787.jpg
0,a_0570.jpg
4,e_0977.jpg
1,b_0286.jpg
0,a_0558.jpg
2,c_0292.jpg
2,c_0286.jpg
4,e_0963.jpg
1,b_0292.jpg
4,e_0234.jpg
2,c_0709.jpg
4,e_0552.jpg
4,e_0546.jpg
0,a_0969.jpg
4,e_0220.jpg
1,b_0709.jpg
2,c_0053.jpg
4,e_0208.jpg
1,b_0721.jpg
1,b_0047.jpg
0,a_0799.jpg
0,a_0941.jpg
2,c_0721.jpg
0,a_0955.jpg
1,b_0053.jpg
1,b_0735.jpg
2,c_0047.jpg
0,a_0000.jpg
1,b_0906.jpg
4,e_0591.jpg
0,a_0766.jpg
0,a_0772.jpg
4,e_0585.jpg
1,b_0912.jpg
0,a_0014.jpg
2,c_0090.jpg
0,a_0982.jpg
1,b_0084.jpg
1,b_0090.jpg
0,a_0996.jpg
0,a_0028.jpg
2,c_0084.jpg
1,b_0669.jpg
4,e_0340.jpg
0,a_0809.jpg
4,e_0426.jpg
4,e_0432.jpg
2,c_0669.jpg
4,e_0354.jpg
2,c_0127.jpg
1,b_0655.jpg
1,b_0133.jpg
0,a_0835.jpg
2,c_0641.jpg
0,a_0821.jpg
2,c_0655.jpg
1,b_0127.jpg
1,b_0641.jpg
1,b_0899.jpg
4,e_0368.jpg
2,c_0133.jpg
1,b_0872.jpg
4,e_0383.jpg
0,a_0612.jpg
0,a_0606.jpg
1,b_0866.jpg
4,e_0397.jpg
1,b_0696.jpg
1,b_0682.jpg
4,e_0624.jpg
3,d_0156.jpg
2,c_0319.jpg
4,e_0142.jpg
4,e_0156.jpg
3,d_0142.jpg
1,b_0319.jpg
4,e_0630.jpg
2,c_0443.jpg
1,b_0331.jpg
4,e_0618.jpg
1,b_0457.jpg
2,c_0325.jpg
0,a_0389.jpg
2,c_0331.jpg
1,b_0443.jpg
1,b_0325.jpg
2,c_0457.jpg
0,a_0410.jpg
4,e_0181.jpg
0,a_0376.jpg
0,a_0362.jpg
4,e_0195.jpg
3,d_0181.jpg
0,a_0404.jpg
4,e_0803.jpg
2,c_0480.jpg
1,b_0494.jpg
1,b_0480.jpg
2,c_0494.jpg
0,a_0438.jpg
4,e_0817.jpg
1,b_0481.jpg
4,e_0816.jpg
0,a_0439.jpg
2,c_0495.jpg
2,c_0481.jpg
4,e_0802.jpg
1,b_0495.jpg
4,e_0194.jpg
0,a_0405.jpg
3,d_0180.jpg
0,a_0411.jpg
0,a_0377.jpg
4,e_0180.jpg
1,b_0442.jpg
2,c_0330.jpg
2,c_0456.jpg
1,b_0324.jpg
4,e_0619.jpg
1,b_0330.jpg
2,c_0442.jpg
0,a_0388.jpg
2,c_0324.jpg
1,b_0456.jpg
4,e_0157.jpg
4,e_0631.jpg
1,b_0318.jpg
3,d_0143.jpg
3,d_0157.jpg
4,e_0625.jpg
4,e_0143.jpg
2,c_0318.jpg
1,b_0683.jpg
1,b_0697.jpg
0,a_0607.jpg
4,e_0396.jpg
4,e_0382.jpg
1,b_0873.jpg
0,a_0175.jpg
0,a_0613.jpg
1,b_0126.jpg
2,c_0654.jpg
2,c_0132.jpg
4,e_0369.jpg
1,b_0898.jpg
1,b_0640.jpg
1,b_0654.jpg
2,c_0126.jpg
2,c_0640.jpg
0,a_0834.jpg
1,b_0132.jpg
2,c_0668.jpg
4,e_0433.jpg
4,e_0355.jpg
4,e_0341.jpg
1,b_0668.jpg
4,e_0427.jpg
0,a_0808.jpg
0,a_0997.jpg
1,b_0091.jpg
2,c_0085.jpg
0,a_0029.jpg
2,c_0091.jpg
1,b_0085.jpg
0,a_0983.jpg
4,e_0584.jpg
0,a_0773.jpg
0,a_0015.jpg
1,b_0913.jpg
1,b_0907.jpg
0,a_0001.jpg
0,a_0767.jpg
4,e_0590.jpg
1,b_0052.jpg
0,a_0954.jpg
2,c_0720.jpg
2,c_0046.jpg
1,b_0734.jpg
1,b_0720.jpg
4,e_0209.jpg
2,c_0052.jpg
0,a_0940.jpg
0,a_0798.jpg
1,b_0046.jpg
0,a_0968.jpg
4,e_0547.jpg
1,b_0708.jpg
4,e_0221.jpg
4,e_0235.jpg
4,e_0553.jpg
2,c_0708.jpg
2,c_0287.jpg
1,b_0293.jpg
4,e_0962.jpg
0,a_0559.jpg
1,b_0287.jpg
4,e_0976.jpg
2,c_0293.jpg
0,a_0217.jpg
0,a_0571.jpg
4,e_0786.jpg
4,e_0792.jpg
0,a_0565.jpg
1,b_0536.jpg
2,c_0244.jpg
2,c_0522.jpg
1,b_0250.jpg
4,e_0779.jpg
1,b_0244.jpg
2,c_0536.jpg
2,c_0250.jpg
1,b_0522.jpg
2,c_0278.jpg
4,e_0023.jpg
4,e_0745.jpg
3,d_0037.jpg
3,d_0023.jpg
1,b_0278.jpg
4,e_0989.jpg
4,e_0751.jpg
4,e_0037.jpg
3,d_0035.jpg
4,e_0747.jpg
1,b_0508.jpg
4,e_0021.jpg
4,e_0035.jpg
4,e_0753.jpg
2,c_0508.jpg
3,d_0021.jpg
1,b_0252.jpg
2,c_0520.jpg
3,d_0009.jpg
2,c_0246.jpg
1,b_0534.jpg
1,b_0520.jpg
4,e_0009.jpg
2,c_0252.jpg
2,c_0534.jpg
0,a_0598.jpg
1,b_0246.jpg
4,e_0784.jpg
0,a_0573.jpg
0,a_0215.jpg
0,a_0567.jpg
4,e_0948.jpg
4,e_0790.jpg
4,e_0960.jpg
1,b_0291.jpg
2,c_0285.jpg
2,c_0291.jpg
4,e_0974.jpg
1,b_0285.jpg
2,c_0078.jpg
4,e_0223.jpg
4,e_0545.jpg
1,b_0078.jpg
4,e_0551.jpg
4,e_0237.jpg
1,b_0736.jpg
2,c_0044.jpg
2,c_0722.jpg
0,a_0956.jpg
1,b_0050.jpg
4,e_0579.jpg
1,b_0044.jpg
0,a_0942.jpg
2,c_0050.jpg
1,b_0722.jpg
1,b_0911.jpg
0,a_0017.jpg
0,a_0771.jpg
4,e_0586.jpg
4,e_0592.jpg
0,a_0765.jpg
0,a_0003.jpg
1,b_0905.jpg
2,c_0087.jpg
1,b_0093.jpg
0,a_0995.jpg
0,a_0759.jpg
1,b_0087.jpg
1,b_0939.jpg
2,c_0093.jpg
4,e_0357.jpg
4,e_0431.jpg
1,b_0118.jpg
4,e_0425.jpg
4,e_0343.jpg
2,c_0118.jpg
1,b_0642.jpg
2,c_0130.jpg
2,c_0656.jpg
1,b_0124.jpg
4,e_0419.jpg
1,b_0130.jpg
0,a_0836.jpg
2,c_0642.jpg
0,a_0188.jpg
2,c_0124.jpg
1,b_0656.jpg
1,b_0865.jpg
4,e_0394.jpg
0,a_0605.jpg
0,a_0611.jpg
0,a_0177.jpg
1,b_0871.jpg
4,e_0380.jpg
1,b_0859.jpg
1,b_0681.jpg
0,a_0639.jpg
1,b_0695.jpg
3,d_0141.jpg
2,c_0468.jpg
4,e_0633.jpg
4,e_0155.jpg
4,e_0141.jpg
1,b_0468.jpg
4,e_0627.jpg
3,d_0155.jpg
1,b_0326.jpg
2,c_0454.jpg
2,c_0332.jpg
4,e_0169.jpg
1,b_0440.jpg
1,b_0454.jpg
2,c_0326.jpg
3,d_0169.jpg
2,c_0440.jpg
1,b_0332.jpg
4,e_0828.jpg
0,a_0407.jpg
3,d_0182.jpg
0,a_0361.jpg
4,e_0196.jpg
4,e_0182.jpg
0,a_0375.jpg
0,a_0413.jpg
2,c_0497.jpg
4,e_0814.jpg
1,b_0483.jpg
0,a_0349.jpg
1,b_0497.jpg
4,e_0800.jpg
2,c_0483.jpg
1,b_0496.jpg
0,a_0348.jpg
2,c_0482.jpg
4,e_0801.jpg
4,e_0815.jpg
2,c_0496.jpg
1,b_0482.jpg
0,a_0374.jpg
4,e_0183.jpg
0,a_0412.jpg
3,d_0183.jpg
0,a_0406.jpg
4,e_0829.jpg
4,e_0197.jpg
0,a_0360.jpg
2,c_0327.jpg
1,b_0455.jpg
1,b_0333.jpg
2,c_0441.jpg
3,d_0168.jpg
2,c_0455.jpg
1,b_0327.jpg
1,b_0441.jpg
4,e_0168.jpg
2,c_0333.jpg
1,b_0469.jpg
4,e_0140.jpg
3,d_0154.jpg
4,e_0626.jpg
4,e_0632.jpg
2,c_0469.jpg
3,d_0140.jpg
4,e_0154.jpg
2,c_0680.jpg
1,b_0694.jpg
1,b_0680.jpg
1,b_0858.jpg
0,a_0638.jpg
0,a_0610.jpg
4,e_0381.jpg
1,b_0870.jpg
0,a_0176.jpg
4,e_0395.jpg
1,b_0864.jpg
0,a_0604.jpg
2,c_0643.jpg
0,a_0837.jpg
1,b_0131.jpg
4,e_0418.jpg
1,b_0657.jpg
2,c_0125.jpg
0,a_0189.jpg
2,c_0131.jpg
1,b_0643.jpg
1,b_0125.jpg
2,c_0657.jpg
0,a_0823.jpg
4,e_0424.jpg
2,c_0119.jpg
4,e_0342.jpg
4,e_0356.jpg
1,b_0119.jpg
4,e_0430.jpg
1,b_0086.jpg
0,a_0758.jpg
0,a_0980.jpg
2,c_0092.jpg
1,b_0938.jpg
2,c_0086.jpg
1,b_0092.jpg
0,a_0764.jpg
4,e_0593.jpg
1,b_0904.jpg
0,a_0016.jpg
1,b_0910.jpg
4,e_0587.jpg
0,a_0770.jpg
0,a_0943.jpg
1,b_0045.jpg
1,b_0723.jpg
2,c_0051.jpg
2,c_0045.jpg
1,b_0737.jpg
4,e_0578.jpg
1,b_0051.jpg
0,a_0957.jpg
2,c_0723.jpg
4,e_0550.jpg
1,b_0079.jpg
4,e_0236.jpg
4,e_0222.jpg
2,c_0079.jpg
4,e_0544.jpg
2,c_0290.jpg
1,b_0284.jpg
4,e_0975.jpg
1,b_0290.jpg
4,e_0961.jpg
2,c_0284.jpg
4,e_0791.jpg
4,e_0949.jpg
0,a_0566.jpg
0,a_0572.jpg
4,e_0785.jpg
0,a_0214.jpg
2,c_0253.jpg
4,e_0008.jpg
1,b_0521.jpg
1,b_0247.jpg
0,a_0599.jpg
2,c_0535.jpg
3,d_0008.jpg
2,c_0521.jpg
1,b_0253.jpg
1,b_0535.jpg
2,c_0247.jpg
4,e_0034.jpg
3,d_0020.jpg
2,c_0509.jpg
4,e_0752.jpg
4,e_0746.jpg
3,d_0034.jpg
4,e_0020.jpg
1,b_0509.jpg
2,c_0243.jpg
1,b_0531.jpg
4,e_0018.jpg
1,b_0257.jpg
2,c_0525.jpg
0,a_0589.jpg
2,c_0531.jpg
3,d_0018.jpg
1,b_0243.jpg
1,b_0525.jpg
2,c_0257.jpg
4,e_0024.jpg
2,c_0519.jpg
3,d_0030.jpg
4,e_0742.jpg
4,e_0756.jpg
3,d_0024.jpg
1,b_0519.jpg
4,e_0030.jpg
2,c_0280.jpg
1,b_0294.jpg
4,e_0965.jpg
1,b_0280.jpg
4,e_0971.jpg
2,c_0294.jpg
0,a_0238.jpg
0,a_0210.jpg
4,e_0959.jpg
4,e_0781.jpg
0,a_0576.jpg
0,a_0562.jpg
4,e_0795.jpg
0,a_0204.jpg
0,a_0953.jpg
2,c_0727.jpg
1,b_0055.jpg
1,b_0733.jpg
2,c_0041.jpg
2,c_0055.jpg
1,b_0727.jpg
1,b_0041.jpg
4,e_0568.jpg
0,a_0947.jpg
1,b_0069.jpg
4,e_0540.jpg
4,e_0226.jpg
4,e_0232.jpg
2,c_0069.jpg
4,e_0554.jpg
1,b_0096.jpg
0,a_0748.jpg
2,c_0082.jpg
1,b_0928.jpg
2,c_0096.jpg
0,a_0984.jpg
1,b_0082.jpg
0,a_0774.jpg
4,e_0583.jpg
1,b_0914.jpg
0,a_0012.jpg
0,a_0006.jpg
1,b_0900.jpg
4,e_0597.jpg
0,a_0760.jpg
2,c_0653.jpg
0,a_0827.jpg
4,e_0408.jpg
1,b_0121.jpg
1,b_0647.jpg
0,a_0199.jpg
2,c_0135.jpg
2,c_0121.jpg
1,b_0653.jpg
1,b_0135.jpg
2,c_0647.jpg
0,a_0833.jpg
4,e_0434.jpg
2,c_0109.jpg
4,e_0352.jpg
4,e_0346.jpg
4,e_0420.jpg
1,b_0109.jpg
2,c_0690.jpg
1,b_0684.jpg
1,b_0848.jpg
1,b_0690.jpg
0,a_0628.jpg
0,a_0600.jpg
4,e_0391.jpg
1,b_0860.jpg
4,e_0385.jpg
1,b_0874.jpg
0,a_0614.jpg
2,c_0337.jpg
1,b_0445.jpg
1,b_0323.jpg
3,d_0178.jpg
2,c_0451.jpg
2,c_0445.jpg
1,b_0337.jpg
4,e_0178.jpg
1,b_0451.jpg
2,c_0323.jpg
4,e_0150.jpg
1,b_0479.jpg
3,d_0144.jpg
4,e_0636.jpg
4,e_0622.jpg
3,d_0150.jpg
2,c_0479.jpg
4,e_0144.jpg
1,b_0486.jpg
0,a_0358.jpg
2,c_0492.jpg
4,e_0811.jpg
4,e_0805.jpg
2,c_0486.jpg
1,b_0492.jpg
0,a_0364.jpg
4,e_0193.jpg
0,a_0402.jpg
3,d_0187.jpg
0,a_0416.jpg
4,e_0839.jpg
4,e_0187.jpg
0,a_0370.jpg
4,e_0838.jpg
0,a_0417.jpg
0,a_0371.jpg
4,e_0186.jpg
4,e_0192.jpg
3,d_0186.jpg
0,a_0403.jpg
2,c_0487.jpg
4,e_0804.jpg
1,b_0493.jpg
0,a_0359.jpg
1,b_0487.jpg
4,e_0810.jpg
2,c_0493.jpg
2,c_0478.jpg
3,d_0151.jpg
4,e_0623.jpg
4,e_0145.jpg
1,b_0478.jpg
4,e_0151.jpg
4,e_0637.jpg
3,d_0145.jpg
1,b_0336.jpg
2,c_0444.jpg
2,c_0322.jpg
1,b_0450.jpg
4,e_0179.jpg
1,b_0444.jpg
2,c_0336.jpg
2,c_0450.jpg
3,d_0179.jpg
1,b_0322.jpg
1,b_0875.jpg
4,e_0384.jpg
0,a_0615.jpg
0,a_0601.jpg
1,b_0861.jpg
4,e_0390.jpg
1,b_0691.jpg
1,b_0849.jpg
0,a_0629.jpg
1,b_0685.jpg
4,e_0347.jpg
1,b_0108.jpg
4,e_0421.jpg
4,e_0435.jpg
4,e_0353.jpg
2,c_0108.jpg
1,b_0652.jpg
2,c_0120.jpg
0,a_0832.jpg
2,c_0646.jpg
1,b_0134.jpg
1,b_0120.jpg
4,e_0409.jpg
0,a_0826.jpg
2,c_0652.jpg
2,c_0134.jpg
0,a_0198.jpg
1,b_0646.jpg
1,b_0901.jpg
0,a_0007.jpg
0,a_0761.jpg
4,e_0596.jpg
4,e_0582.jpg
0,a_0775.jpg
0,a_0013.jpg
1,b_0915.jpg
2,c_0097.jpg
1,b_0083.jpg
0,a_0749.jpg
1,b_0097.jpg
1,b_0929.jpg
2,c_0083.jpg
2,c_0068.jpg
4,e_0233.jpg
4,e_0555.jpg
4,e_0541.jpg
1,b_0068.jpg
4,e_0227.jpg
1,b_0726.jpg
2,c_0054.jpg
0,a_0946.jpg
4,e_0569.jpg
1,b_0040.jpg
1,b_0054.jpg
2,c_0726.jpg
0,a_0952.jpg
2,c_0040.jpg
1,b_0732.jpg
4,e_0794.jpg
0,a_0563.jpg
0,a_0205.jpg
0,a_0211.jpg
0,a_0577.jpg
4,e_0780.jpg
4,e_0958.jpg
4,e_0970.jpg
1,b_0281.jpg
0,a_0239.jpg
2,c_0295.jpg
2,c_0281.jpg
4,e_0964.jpg
1,b_0295.jpg
3,d_0025.jpg
4,e_0757.jpg
4,e_0031.jpg
1,b_0518.jpg
4,e_0025.jpg
4,e_0743.jpg
3,d_0031.jpg
2,c_0518.jpg
1,b_0242.jpg
3,d_0019.jpg
2,c_0530.jpg
2,c_0256.jpg
1,b_0524.jpg
4,e_0019.jpg
1,b_0530.jpg
2,c_0242.jpg
0,a_0588.jpg
2,c_0524.jpg
1,b_0256.jpg
1,b_0526.jpg
2,c_0254.jpg
2,c_0532.jpg
4,e_0769.jpg
1,b_0240.jpg
1,b_0254.jpg
2,c_0526.jpg
2,c_0240.jpg
1,b_0532.jpg
2,c_0268.jpg
4,e_0033.jpg
4,e_0755.jpg
3,d_0027.jpg
3,d_0033.jpg
4,e_0741.jpg
1,b_0268.jpg
4,e_0999.jpg
4,e_0027.jpg
2,c_0297.jpg
1,b_0283.jpg
4,e_0972.jpg
1,b_0297.jpg
4,e_0966.jpg
2,c_0283.jpg
0,a_0207.jpg
0,a_0561.jpg
4,e_0796.jpg
4,e_0782.jpg
0,a_0575.jpg
0,a_0213.jpg
1,b_0042.jpg
0,a_0944.jpg
2,c_0730.jpg
2,c_0056.jpg
1,b_0724.jpg
4,e_0219.jpg
1,b_0730.jpg
2,c_0042.jpg
0,a_0950.jpg
2,c_0724.jpg
1,b_0056.jpg
4,e_0557.jpg
4,e_0231.jpg
1,b_0718.jpg
4,e_0225.jpg
4,e_0543.jpg
2,c_0718.jpg
1,b_0081.jpg
0,a_0039.jpg
2,c_0095.jpg
2,c_0081.jpg
1,b_0095.jpg
4,e_0594.jpg
0,a_0763.jpg
0,a_0005.jpg
1,b_0903.jpg
1,b_0917.jpg
0,a_0011.jpg
0,a_0777.jpg
4,e_0580.jpg
1,b_0136.jpg
2,c_0644.jpg
0,a_0830.jpg
2,c_0122.jpg
1,b_0650.jpg
4,e_0379.jpg
1,b_0888.jpg
1,b_0644.jpg
2,c_0136.jpg
2,c_0650.jpg
0,a_0824.jpg
1,b_0122.jpg
4,e_0423.jpg
4,e_0345.jpg
1,b_0678.jpg
4,e_0351.jpg
4,e_0437.jpg
0,a_0818.jpg
1,b_0693.jpg
1,b_0687.jpg
0,a_0617.jpg
4,e_0386.jpg
1,b_0877.jpg
4,e_0392.jpg
1,b_0863.jpg
0,a_0603.jpg
1,b_0452.jpg
2,c_0320.jpg
2,c_0446.jpg
1,b_0334.jpg
1,b_0320.jpg
4,e_0609.jpg
2,c_0452.jpg
2,c_0334.jpg
0,a_0398.jpg
1,b_0446.jpg
4,e_0147.jpg
1,b_0308.jpg
4,e_0621.jpg
3,d_0153.jpg
3,d_0147.jpg
4,e_0635.jpg
4,e_0153.jpg
2,c_0308.jpg
1,b_0491.jpg
4,e_0806.jpg
2,c_0485.jpg
0,a_0429.jpg
2,c_0491.jpg
4,e_0812.jpg
1,b_0485.jpg
4,e_0184.jpg
0,a_0373.jpg
3,d_0190.jpg
0,a_0415.jpg
3,d_0184.jpg
0,a_0401.jpg
4,e_0190.jpg
0,a_0400.jpg
3,d_0185.jpg
4,e_0191.jpg
0,a_0372.jpg
4,e_0185.jpg
0,a_0414.jpg
3,d_0191.jpg
4,e_0813.jpg
2,c_0490.jpg
1,b_0484.jpg
1,b_0490.jpg
0,a_0428.jpg
2,c_0484.jpg
4,e_0807.jpg
4,e_0634.jpg
3,d_0146.jpg
2,c_0309.jpg
4,e_0152.jpg
4,e_0146.jpg
3,d_0152.jpg
4,e_0620.jpg
1,b_0309.jpg
2,c_0453.jpg
4,e_0608.jpg
1,b_0321.jpg
1,b_0447.jpg
0,a_0399.jpg
2,c_0335.jpg
2,c_0321.jpg
1,b_0453.jpg
1,b_0335.jpg
2,c_0447.jpg
1,b_0862.jpg
4,e_0393.jpg
0,a_0602.jpg
0,a_0616.jpg
1,b_0876.jpg
4,e_0387.jpg
1,b_0686.jpg
1,b_0692.jpg
4,e_0350.jpg
1,b_0679.jpg
0,a_0819.jpg
4,e_0436.jpg
4,e_0422.jpg
4,e_0344.jpg
2,c_0137.jpg
1,b_0645.jpg
1,b_0123.jpg
0,a_0825.jpg
2,c_0651.jpg
0,a_0831.jpg
2,c_0645.jpg
1,b_0137.jpg
1,b_0889.jpg
4,e_0378.jpg
1,b_0651.jpg
2,c_0123.jpg
0,a_0010.jpg
1,b_0916.jpg
4,e_0581.jpg
0,a_0776.jpg
0,a_0762.jpg
4,e_0595.jpg
1,b_0902.jpg
0,a_0004.jpg
2,c_0080.jpg
1,b_0094.jpg
1,b_0080.jpg
2,c_0094.jpg
0,a_0038.jpg
4,e_0224.jpg
2,c_0719.jpg
4,e_0542.jpg
4,e_0556.jpg
1,b_0719.jpg
4,e_0230.jpg
2,c_0043.jpg
1,b_0731.jpg
4,e_0218.jpg
1,b_0057.jpg
2,c_0725.jpg
0,a_0951.jpg
0,a_0945.jpg
1,b_0043.jpg
1,b_0725.jpg
2,c_0057.jpg
0,a_0574.jpg
4,e_0783.jpg
0,a_0212.jpg
0,a_0206.jpg
4,e_0797.jpg
0,a_0560.jpg
4,e_0967.jpg
1,b_0296.jpg
2,c_0282.jpg
2,c_0296.jpg
4,e_0973.jpg
1,b_0282.jpg
4,e_0998.jpg
1,b_0269.jpg
4,e_0740.jpg
3,d_0032.jpg
4,e_0026.jpg
4,e_0032.jpg
2,c_0269.jpg
3,d_0026.jpg
4,e_0754.jpg
2,c_0527.jpg
1,b_0255.jpg
1,b_0533.jpg
2,c_0241.jpg
2,c_0255.jpg
1,b_0527.jpg
1,b_0241.jpg
4,e_0768.jpg
2,c_0533.jpg
4,e_0055.jpg
2,c_0568.jpg
3,d_0041.jpg
4,e_0733.jpg
4,e_0727.jpg
3,d_0055.jpg
1,b_0568.jpg
4,e_0041.jpg
2,c_0232.jpg
1,b_0540.jpg
4,e_0069.jpg
1,b_0226.jpg
2,c_0554.jpg
2,c_0540.jpg
3,d_0069.jpg
1,b_0232.jpg
1,b_0554.jpg
2,c_0226.jpg
0,a_0261.jpg
4,e_0096.jpg
4,e_0928.jpg
0,a_0507.jpg
3,d_0082.jpg
0,a_0513.jpg
3,d_0096.jpg
4,e_0082.jpg
0,a_0275.jpg
1,b_0583.jpg
2,c_0597.jpg
4,e_0914.jpg
4,e_0900.jpg
2,c_0583.jpg
0,a_0249.jpg
1,b_0597.jpg
1,b_0018.jpg
4,e_0531.jpg
4,e_0257.jpg
4,e_0243.jpg
2,c_0018.jpg
4,e_0525.jpg
0,a_0922.jpg
1,b_0024.jpg
1,b_0742.jpg
2,c_0030.jpg
2,c_0024.jpg
0,a_0088.jpg
1,b_0756.jpg
1,b_0030.jpg
4,e_0519.jpg
0,a_0936.jpg
0,a_0705.jpg
4,e_0294.jpg
1,b_0965.jpg
0,a_0063.jpg
0,a_0077.jpg
4,e_0280.jpg
1,b_0971.jpg
0,a_0711.jpg
0,a_0739.jpg
1,b_0781.jpg
1,b_0959.jpg
1,b_0795.jpg
4,e_0445.jpg
2,c_0178.jpg
4,e_0323.jpg
4,e_0337.jpg
4,e_0451.jpg
1,b_0178.jpg
0,a_0856.jpg
2,c_0622.jpg
4,e_0479.jpg
1,b_0150.jpg
1,b_0636.jpg
2,c_0144.jpg
2,c_0150.jpg
1,b_0622.jpg
1,b_0144.jpg
0,a_0842.jpg
2,c_0636.jpg
0,a_0671.jpg
4,e_0486.jpg
1,b_0811.jpg
0,a_0117.jpg
0,a_0103.jpg
1,b_0805.jpg
4,e_0492.jpg
0,a_0665.jpg
1,b_0193.jpg
0,a_0895.jpg
2,c_0187.jpg
1,b_0839.jpg
2,c_0193.jpg
0,a_0659.jpg
0,a_0881.jpg
1,b_0187.jpg
4,e_0121.jpg
1,b_0408.jpg
3,d_0135.jpg
4,e_0647.jpg
4,e_0653.jpg
3,d_0121.jpg
2,c_0408.jpg
4,e_0135.jpg
2,c_0346.jpg
1,b_0434.jpg
1,b_0352.jpg
3,d_0109.jpg
2,c_0420.jpg
0,a_0498.jpg
2,c_0434.jpg
1,b_0346.jpg
4,e_0109.jpg
1,b_0420.jpg
2,c_0352.jpg
0,a_0315.jpg
4,e_0684.jpg
0,a_0473.jpg
0,a_0467.jpg
4,e_0690.jpg
4,e_0848.jpg
0,a_0301.jpg
2,c_0385.jpg
1,b_0391.jpg
4,e_0860.jpg
1,b_0385.jpg
4,e_0874.jpg
2,c_0391.jpg
4,e_0875.jpg
1,b_0384.jpg
2,c_0390.jpg
2,c_0384.jpg
4,e_0861.jpg
1,b_0390.jpg
4,e_0849.jpg
4,e_0691.jpg
0,a_0466.jpg
0,a_0300.jpg
0,a_0314.jpg
0,a_0472.jpg
4,e_0685.jpg
1,b_0347.jpg
2,c_0435.jpg
0,a_0499.jpg
2,c_0353.jpg
1,b_0421.jpg
4,e_0108.jpg
1,b_0435.jpg
2,c_0347.jpg
2,c_0421.jpg
3,d_0108.jpg
1,b_0353.jpg
2,c_0409.jpg
3,d_0120.jpg
4,e_0652.jpg
4,e_0134.jpg
1,b_0409.jpg
4,e_0120.jpg
4,e_0646.jpg
3,d_0134.jpg
2,c_0192.jpg
1,b_0838.jpg
1,b_0186.jpg
0,a_0658.jpg
1,b_0192.jpg
2,c_0186.jpg
1,b_0804.jpg
0,a_0102.jpg
0,a_0664.jpg
4,e_0493.jpg
4,e_0487.jpg
0,a_0670.jpg
0,a_0116.jpg
1,b_0810.jpg
1,b_0623.jpg
2,c_0151.jpg
2,c_0637.jpg
0,a_0843.jpg
1,b_0145.jpg
1,b_0151.jpg
4,e_0478.jpg
2,c_0623.jpg
0,a_0857.jpg
2,c_0145.jpg
4,e_1000.jpg
1,b_0637.jpg
4,e_0336.jpg
1,b_0179.jpg
4,e_0450.jpg
4,e_0444.jpg
4,e_0322.jpg
2,c_0179.jpg
1,b_0794.jpg
0,a_0738.jpg
1,b_0958.jpg
1,b_0780.jpg
1,b_0970.jpg
4,e_0281.jpg
0,a_0076.jpg
0,a_0710.jpg
0,a_0704.jpg
0,a_0062.jpg
1,b_0964.jpg
4,e_0295.jpg
1,b_0757.jpg
0,a_0089.jpg
2,c_0025.jpg
0,a_0937.jpg
4,e_0518.jpg
1,b_0031.jpg
1,b_0025.jpg
0,a_0923.jpg
2,c_0031.jpg
1,b_0743.jpg
2,c_0019.jpg
4,e_0242.jpg
4,e_0524.jpg
4,e_0530.jpg
1,b_0019.jpg
4,e_0256.jpg
2,c_0582.jpg
4,e_0901.jpg
1,b_0596.jpg
0,a_0248.jpg
1,b_0582.jpg
4,e_0915.jpg
2,c_0596.jpg
3,d_0097.jpg
0,a_0512.jpg
0,a_0274.jpg
4,e_0083.jpg
4,e_0097.jpg
0,a_0260.jpg
3,d_0083.jpg
0,a_0506.jpg
4,e_0929.jpg
1,b_0233.jpg
3,d_0068.jpg
2,c_0541.jpg
2,c_0227.jpg
1,b_0555.jpg
4,e_0068.jpg
1,b_0541.jpg
2,c_0233.jpg
2,c_0555.jpg
1,b_0227.jpg
3,d_0054.jpg
4,e_0726.jpg
4,e_0040.jpg
1,b_0569.jpg
4,e_0054.jpg
4,e_0732.jpg
3,d_0040.jpg
2,c_0569.jpg
2,c_0219.jpg
4,e_0042.jpg
4,e_0724.jpg
3,d_0056.jpg
3,d_0042.jpg
4,e_0730.jpg
1,b_0219.jpg
4,e_0056.jpg
1,b_0557.jpg
0,a_0289.jpg
2,c_0225.jpg
2,c_0543.jpg
4,e_0718.jpg
1,b_0231.jpg
1,b_0225.jpg
2,c_0557.jpg
2,c_0231.jpg
1,b_0543.jpg
4,e_0081.jpg
0,a_0276.jpg
3,d_0095.jpg
0,a_0510.jpg
3,d_0081.jpg
0,a_0504.jpg
0,a_0262.jpg
4,e_0095.jpg
1,b_0594.jpg
4,e_0903.jpg
2,c_0580.jpg
0,a_0538.jpg
2,c_0594.jpg
4,e_0917.jpg
1,b_0580.jpg
4,e_0526.jpg
4,e_0240.jpg
1,b_0769.jpg
4,e_0254.jpg
4,e_0532.jpg
2,c_0769.jpg
1,b_0033.jpg
0,a_0935.jpg
2,c_0027.jpg
1,b_0755.jpg
4,e_0268.jpg
1,b_0999.jpg
1,b_0741.jpg
2,c_0033.jpg
0,a_0921.jpg
1,b_0027.jpg
0,a_0712.jpg
4,e_0283.jpg
1,b_0972.jpg
4,e_0297.jpg
1,b_0966.jpg
0,a_0060.jpg
0,a_0706.jpg
1,b_0796.jpg
0,a_0048.jpg
1,b_0782.jpg
2,c_0609.jpg
4,e_0452.jpg
4,e_0334.jpg
1,b_0609.jpg
4,e_0320.jpg
4,e_0446.jpg
0,a_0869.jpg
1,b_0147.jpg
0,a_0841.jpg
2,c_0635.jpg
0,a_0699.jpg
2,c_0153.jpg
1,b_0621.jpg
4,e_0308.jpg
1,b_0635.jpg
2,c_0147.jpg
0,a_0855.jpg
2,c_0621.jpg
1,b_0153.jpg
4,e_0491.jpg
0,a_0666.jpg
0,a_0100.jpg
1,b_0806.jpg
1,b_0812.jpg
0,a_0114.jpg
0,a_0672.jpg
4,e_0485.jpg
0,a_0882.jpg
1,b_0184.jpg
2,c_0190.jpg
2,c_0184.jpg
1,b_0190.jpg
0,a_0896.jpg
4,e_0136.jpg
1,b_0379.jpg
4,e_0888.jpg
4,e_0650.jpg
3,d_0122.jpg
3,d_0136.jpg
4,e_0644.jpg
4,e_0122.jpg
2,c_0379.jpg
1,b_0423.jpg
2,c_0351.jpg
2,c_0437.jpg
1,b_0345.jpg
1,b_0351.jpg
4,e_0678.jpg
2,c_0423.jpg
2,c_0345.jpg
1,b_0437.jpg
0,a_0302.jpg
0,a_0464.jpg
4,e_0693.jpg
4,e_0687.jpg
0,a_0470.jpg
0,a_0316.jpg
2,c_0392.jpg
1,b_0386.jpg
4,e_0877.jpg
0,a_0458.jpg
1,b_0392.jpg
4,e_0863.jpg
2,c_0386.jpg
4,e_0862.jpg
1,b_0393.jpg
2,c_0387.jpg
2,c_0393.jpg
0,a_0459.jpg
4,e_0876.jpg
1,b_0387.jpg
0,a_0471.jpg
4,e_0686.jpg
0,a_0317.jpg
0,a_0303.jpg
4,e_0692.jpg
0,a_0465.jpg
2,c_0422.jpg
4,e_0679.jpg
1,b_0350.jpg
1,b_0436.jpg
2,c_0344.jpg
2,c_0350.jpg
1,b_0422.jpg
1,b_0344.jpg
2,c_0436.jpg
4,e_0645.jpg
3,d_0137.jpg
2,c_0378.jpg
4,e_0123.jpg
4,e_0137.jpg
3,d_0123.jpg
4,e_0651.jpg
4,e_0889.jpg
1,b_0378.jpg
2,c_0185.jpg
0,a_0897.jpg
1,b_0191.jpg
1,b_0185.jpg
0,a_0883.jpg
2,c_0191.jpg
0,a_0115.jpg
1,b_0813.jpg
4,e_0484.jpg
0,a_0673.jpg
0,a_0667.jpg
4,e_0490.jpg
1,b_0807.jpg
0,a_0101.jpg
2,c_0146.jpg
1,b_0634.jpg
1,b_0152.jpg
2,c_0620.jpg
0,a_0854.jpg
0,a_0698.jpg
2,c_0634.jpg
0,a_0840.jpg
1,b_0146.jpg
4,e_0309.jpg
1,b_0620.jpg
2,c_0152.jpg
4,e_0321.jpg
1,b_0608.jpg
0,a_0868.jpg
4,e_0447.jpg
4,e_0453.jpg
2,c_0608.jpg
4,e_0335.jpg
1,b_0783.jpg
0,a_0049.jpg
1,b_0797.jpg
0,a_0061.jpg
1,b_0967.jpg
4,e_0296.jpg
0,a_0707.jpg
0,a_0713.jpg
1,b_0973.jpg
4,e_0282.jpg
0,a_0075.jpg
2,c_0032.jpg
1,b_0740.jpg
1,b_0998.jpg
4,e_0269.jpg
1,b_0026.jpg
0,a_0920.jpg
0,a_0934.jpg
2,c_0740.jpg
1,b_0032.jpg
1,b_0754.jpg
2,c_0026.jpg
4,e_0255.jpg
2,c_0768.jpg
4,e_0533.jpg
4,e_0527.jpg
1,b_0768.jpg
4,e_0241.jpg
4,e_0916.jpg
2,c_0595.jpg
0,a_0539.jpg
1,b_0581.jpg
1,b_0595.jpg
2,c_0581.jpg
4,e_0902.jpg
0,a_0505.jpg
3,d_0080.jpg
4,e_0094.jpg
0,a_0263.jpg
0,a_0277.jpg
4,e_0080.jpg
0,a_0511.jpg
3,d_0094.jpg
2,c_0556.jpg
1,b_0224.jpg
1,b_0542.jpg
2,c_0230.jpg
2,c_0224.jpg
0,a_0288.jpg
1,b_0556.jpg
1,b_0230.jpg
4,e_0719.jpg
2,c_0542.jpg
1,b_0218.jpg
4,e_0731.jpg
3,d_0043.jpg
4,e_0057.jpg
4,e_0043.jpg
2,c_0218.jpg
3,d_0057.jpg
4,e_0725.jpg
2,c_0546.jpg
1,b_0234.jpg
1,b_0552.jpg
2,c_0220.jpg
0,a_0298.jpg
2,c_0234.jpg
1,b_0546.jpg
4,e_0709.jpg
1,b_0220.jpg
2,c_0552.jpg
4,e_0721.jpg
1,b_0208.jpg
3,d_0053.jpg
4,e_0047.jpg
4,e_0053.jpg
2,c_0208.jpg
3,d_0047.jpg
4,e_0735.jpg
4,e_0906.jpg
0,a_0529.jpg
2,c_0585.jpg
1,b_0591.jpg
1,b_0585.jpg
2,c_0591.jpg
4,e_0912.jpg
3,d_0090.jpg
0,a_0515.jpg
4,e_0084.jpg
0,a_0273.jpg
0,a_0267.jpg
4,e_0090.jpg
3,d_0084.jpg
0,a_0501.jpg
2,c_0022.jpg
1,b_0988.jpg
4,e_0279.jpg
1,b_0750.jpg
1,b_0036.jpg
0,a_0930.jpg
0,a_0924.jpg
2,c_0750.jpg
1,b_0022.jpg
1,b_0744.jpg
2,c_0036.jpg
4,e_0245.jpg
4,e_0523.jpg
4,e_0537.jpg
0,a_0918.jpg
4,e_0251.jpg
1,b_0778.jpg
1,b_0793.jpg
0,a_0059.jpg
1,b_0787.jpg
0,a_0071.jpg
1,b_0977.jpg
4,e_0286.jpg
0,a_0717.jpg
0,a_0703.jpg
1,b_0963.jpg
4,e_0292.jpg
0,a_0065.jpg
2,c_0156.jpg
1,b_0624.jpg
1,b_0142.jpg
2,c_0630.jpg
0,a_0844.jpg
2,c_0624.jpg
0,a_0850.jpg
0,a_0688.jpg
1,b_0156.jpg
1,b_0630.jpg
4,e_0319.jpg
2,c_0142.jpg
1,b_0618.jpg
4,e_0331.jpg
0,a_0878.jpg
4,e_0457.jpg
4,e_0443.jpg
2,c_0618.jpg
4,e_0325.jpg
2,c_0195.jpg
1,b_0181.jpg
1,b_0195.jpg
2,c_0181.jpg
0,a_0105.jpg
1,b_0803.jpg
4,e_0494.jpg
0,a_0663.jpg
0,a_0677.jpg
4,e_0480.jpg
1,b_0817.jpg
0,a_0111.jpg
2,c_0432.jpg
1,b_0340.jpg
4,e_0669.jpg
1,b_0426.jpg
2,c_0354.jpg
2,c_0340.jpg
1,b_0432.jpg
1,b_0354.jpg
2,c_0426.jpg
4,e_0655.jpg
3,d_0127.jpg
2,c_0368.jpg
4,e_0133.jpg
4,e_0127.jpg
3,d_0133.jpg
4,e_0899.jpg
1,b_0368.jpg
4,e_0641.jpg
4,e_0872.jpg
1,b_0383.jpg
2,c_0397.jpg
2,c_0383.jpg
4,e_0866.jpg
1,b_0397.jpg
0,a_0461.jpg
4,e_0696.jpg
0,a_0307.jpg
0,a_0313.jpg
4,e_0682.jpg
0,a_0475.jpg
0,a_0474.jpg
4,e_0683.jpg
4,e_0697.jpg
0,a_0460.jpg
0,a_0306.jpg
2,c_0382.jpg
1,b_0396.jpg
4,e_0867.jpg
1,b_0382.jpg
4,e_0873.jpg
2,c_0396.jpg
4,e_0126.jpg
4,e_0640.jpg
1,b_0369.jpg
4,e_0898.jpg
3,d_0132.jpg
3,d_0126.jpg
4,e_0654.jpg
4,e_0132.jpg
2,c_0369.jpg
1,b_0433.jpg
2,c_0341.jpg
2,c_0427.jpg
1,b_0355.jpg
4,e_0668.jpg
1,b_0341.jpg
2,c_0433.jpg
2,c_0355.jpg
1,b_0427.jpg
4,e_0481.jpg
0,a_0676.jpg
0,a_0110.jpg
1,b_0816.jpg
1,b_0802.jpg
0,a_0104.jpg
0,a_0662.jpg
4,e_0495.jpg
1,b_0194.jpg
2,c_0180.jpg
2,c_0194.jpg
1,b_0180.jpg
0,a_0886.jpg
2,c_0619.jpg
4,e_0442.jpg
4,e_0324.jpg
4,e_0330.jpg
1,b_0619.jpg
4,e_0456.jpg
0,a_0879.jpg
1,b_0157.jpg
0,a_0689.jpg
0,a_0851.jpg
2,c_0625.jpg
2,c_0143.jpg
4,e_0318.jpg
1,b_0631.jpg
1,b_0625.jpg
2,c_0157.jpg
0,a_0845.jpg
2,c_0631.jpg
1,b_0143.jpg
0,a_0702.jpg
0,a_0064.jpg
4,e_0293.jpg
1,b_0962.jpg
4,e_0287.jpg
1,b_0976.jpg
0,a_0070.jpg
0,a_0716.jpg
1,b_0786.jpg
0,a_0058.jpg
1,b_0792.jpg
0,a_0919.jpg
4,e_0536.jpg
1,b_0779.jpg
4,e_0250.jpg
4,e_0244.jpg
4,e_0522.jpg
1,b_0023.jpg
0,a_0925.jpg
2,c_0037.jpg
1,b_0745.jpg
1,b_0751.jpg
4,e_0278.jpg
1,b_0989.jpg
2,c_0023.jpg
0,a_0931.jpg
1,b_0037.jpg
4,e_0091.jpg
0,a_0266.jpg
0,a_0500.jpg
3,d_0085.jpg
0,a_0514.jpg
3,d_0091.jpg
0,a_0272.jpg
4,e_0085.jpg
1,b_0584.jpg
4,e_0913.jpg
2,c_0590.jpg
2,c_0584.jpg
0,a_0528.jpg
4,e_0907.jpg
1,b_0590.jpg
2,c_0209.jpg
4,e_0052.jpg
4,e_0734.jpg
3,d_0046.jpg
3,d_0052.jpg
1,b_0209.jpg
4,e_0720.jpg
4,e_0046.jpg
1,b_0547.jpg
2,c_0235.jpg
0,a_0299.jpg
2,c_0553.jpg
1,b_0221.jpg
4,e_0708.jpg
1,b_0235.jpg
2,c_0547.jpg
2,c_0221.jpg
1,b_0553.jpg
1,b_0223.jpg
2,c_0551.jpg
3,d_0078.jpg
2,c_0237.jpg
1,b_0545.jpg
1,b_0551.jpg
4,e_0078.jpg
2,c_0223.jpg
2,c_0545.jpg
1,b_0237.jpg
3,d_0044.jpg
4,e_0736.jpg
1,b_0579.jpg
4,e_0050.jpg
4,e_0044.jpg
4,e_0722.jpg
2,c_0579.jpg
3,d_0050.jpg
2,c_0592.jpg
4,e_0911.jpg
1,b_0586.jpg
0,a_0258.jpg
1,b_0592.jpg
4,e_0905.jpg
2,c_0586.jpg
0,a_0502.jpg
3,d_0087.jpg
0,a_0264.jpg
4,e_0093.jpg
4,e_0087.jpg
0,a_0270.jpg
0,a_0516.jpg
3,d_0093.jpg
4,e_0939.jpg
1,b_0747.jpg
2,c_0035.jpg
0,a_0099.jpg
0,a_0927.jpg
1,b_0021.jpg
4,e_0508.jpg
1,b_0035.jpg
0,a_0933.jpg
2,c_0021.jpg
1,b_0753.jpg
2,c_0009.jpg
4,e_0252.jpg
4,e_0534.jpg
1,b_0009.jpg
4,e_0520.jpg
4,e_0246.jpg
1,b_0784.jpg
0,a_0728.jpg
1,b_0790.jpg
1,b_0948.jpg
1,b_0960.jpg
4,e_0291.jpg
0,a_0066.jpg
0,a_0700.jpg
0,a_0714.jpg
0,a_0072.jpg
1,b_0974.jpg
4,e_0285.jpg
1,b_0633.jpg
2,c_0141.jpg
2,c_0627.jpg
0,a_0853.jpg
1,b_0155.jpg
4,e_0468.jpg
1,b_0141.jpg
2,c_0633.jpg
0,a_0847.jpg
2,c_0155.jpg
1,b_0627.jpg
4,e_0326.jpg
4,e_0440.jpg
1,b_0169.jpg
4,e_0454.jpg
4,e_0332.jpg
2,c_0169.jpg
2,c_0182.jpg
1,b_0828.jpg
1,b_0196.jpg
0,a_0648.jpg
0,a_0890.jpg
0,a_0884.jpg
1,b_0182.jpg
2,c_0196.jpg
1,b_0814.jpg
0,a_0112.jpg
0,a_0674.jpg
4,e_0483.jpg
4,e_0497.jpg
0,a_0660.jpg
0,a_0106.jpg
1,b_0800.jpg
1,b_0357.jpg
0,a_0489.jpg
2,c_0425.jpg
2,c_0343.jpg
4,e_0118.jpg
1,b_0431.jpg
1,b_0425.jpg
2,c_0357.jpg
3,d_0118.jpg
2,c_0431.jpg
1,b_0343.jpg
3,d_0130.jpg
2,c_0419.jpg
4,e_0642.jpg
4,e_0124.jpg
4,e_0130.jpg
1,b_0419.jpg
4,e_0656.jpg
3,d_0124.jpg
4,e_0865.jpg
1,b_0394.jpg
2,c_0380.jpg
0,a_0338.jpg
2,c_0394.jpg
4,e_0871.jpg
1,b_0380.jpg
4,e_0681.jpg
4,e_0859.jpg
0,a_0476.jpg
0,a_0310.jpg
0,a_0304.jpg
0,a_0462.jpg
4,e_0695.jpg
0,a_0305.jpg
4,e_0694.jpg
0,a_0463.jpg
0,a_0477.jpg
4,e_0858.jpg
4,e_0680.jpg
0,a_0311.jpg
2,c_0395.jpg
0,a_0339.jpg
1,b_0381.jpg
4,e_0870.jpg
1,b_0395.jpg
4,e_0864.jpg
2,c_0381.jpg
1,b_0418.jpg
4,e_0131.jpg
3,d_0125.jpg
4,e_0657.jpg
4,e_0643.jpg
3,d_0131.jpg
4,e_0125.jpg
2,c_0356.jpg
1,b_0424.jpg
1,b_0342.jpg
2,c_0430.jpg
3,d_0119.jpg
2,c_0424.jpg
0,a_0488.jpg
1,b_0356.jpg
1,b_0430.jpg
4,e_0119.jpg
2,c_0342.jpg
0,a_0661.jpg
4,e_0496.jpg
1,b_0801.jpg
0,a_0107.jpg
0,a_0113.jpg
1,b_0815.jpg
4,e_0482.jpg
0,a_0675.jpg
1,b_0183.jpg
0,a_0885.jpg
2,c_0197.jpg
1,b_0829.jpg
2,c_0183.jpg
0,a_0649.jpg
1,b_0197.jpg
4,e_0455.jpg
2,c_0168.jpg
4,e_0333.jpg
4,e_0327.jpg
1,b_0168.jpg
4,e_0441.jpg
0,a_0846.jpg
2,c_0632.jpg
1,b_0140.jpg
4,e_0469.jpg
1,b_0626.jpg
2,c_0154.jpg
2,c_0140.jpg
1,b_0632.jpg
1,b_0154.jpg
0,a_0852.jpg
2,c_0626.jpg
0,a_0715.jpg
4,e_0284.jpg
1,b_0975.jpg
0,a_0073.jpg
0,a_0067.jpg
4,e_0290.jpg
1,b_0961.jpg
0,a_0701.jpg
0,a_0729.jpg
1,b_0949.jpg
1,b_0791.jpg
1,b_0785.jpg
4,e_0521.jpg
1,b_0008.jpg
4,e_0247.jpg
4,e_0253.jpg
2,c_0008.jpg
4,e_0535.jpg
0,a_0932.jpg
1,b_0034.jpg
1,b_0752.jpg
2,c_0020.jpg
2,c_0034.jpg
1,b_0746.jpg
4,e_0509.jpg
1,b_0020.jpg
0,a_0926.jpg
0,a_0271.jpg
4,e_0086.jpg
4,e_0938.jpg
3,d_0092.jpg
0,a_0517.jpg
3,d_0086.jpg
0,a_0503.jpg
4,e_0092.jpg
0,a_0265.jpg
1,b_0593.jpg
2,c_0587.jpg
4,e_0904.jpg
4,e_0910.jpg
2,c_0593.jpg
0,a_0259.jpg
1,b_0587.jpg
4,e_0045.jpg
3,d_0051.jpg
2,c_0578.jpg
4,e_0723.jpg
4,e_0737.jpg
3,d_0045.jpg
4,e_0051.jpg
1,b_0578.jpg
2,c_0222.jpg
4,e_0079.jpg
1,b_0550.jpg
1,b_0236.jpg
2,c_0544.jpg
3,d_0079.jpg
2,c_0550.jpg
1,b_0222.jpg
1,b_0544.jpg
2,c_0236.jpg
